ISBN,Username,Rating,Review
9780141040349,alice123,5,"Absolutely loved the character development and witty dialogue."
9780141040349,bob456,4,"A classic that still resonates today."
9780439023528,charlie789,5,"Could not put it down, thrilling from start to finish."
9780439023528,diana321,4,"Great story and strong female lead."
9780441172719,edward555,5,"Epic world-building and political intrigue."
9780441172719,fiona888,4,"Complex but rewarding story."
9780060853983,george777,5,"Hilarious and clever, a must-read."
9780060853983,hannah999,4,"Fun mix of fantasy and humor."
9781439143321,ian111,4,"Action-packed and suspenseful."
9781439143321,julia222,3,"Good spy story but pacing was slow at times."
9781501142970,karen333,5,"Scary but compelling, Stephen King at his best."
9781501142970,luke444,4,"Really intense and gripping story."
9780590353427,mary555,5,"Magical and nostalgic, loved revisiting Hogwarts."
9780590353427,nathan666,4,"A solid start to a beloved series."
9780307588371,oliver777,4,"Twists and suspense kept me hooked."
9780307588371,pamela888,3,"Interesting characters but predictable ending."
9780451524935,quinn999,5,"Thought-provoking and still relevant."
9780451524935,rachel111,4,"Classic dystopian, worth reading."
9780143038858,sam222,4,"Detailed historical narrative, very informative."
9780143038858,tina333,3,"Well-researched but a bit long-winded."
9780241950423,uma444,5,"Loved the emotional depth and realism."
9780241950423,vin555,4,"Good story, relatable characters."
9780525536291,will666,5,"Inspiring memoir, beautifully written."
9780525536291,xena777,4,"A must-read for anyone chasing education."
9780385603532,yara888,5,"Heartfelt and moving, I cried multiple times."
9780385603532,zack999,4,"A touching romance, really enjoyed it."
9780142424179,amy111,5,"Poignant and funny, loved the dialogue."
9780142424179,brian222,4,"Sweet and emotional story."
9780441569595,chloe333,4,"Fascinating cyberpunk world, very cool."
9780441569595,dan444,3,"Interesting but a bit confusing at times."
9780345391803,eric555,5,"Hilarious and absurd, perfect for fans of sci-fi comedy."
9780345391803,fiona666,4,"Very funny and unique adventure."
9780307949486,george777,5,"Intriguing mystery with great pacing."
9780307949486,hannah888,4,"Complex characters, good story."
9780307743657,ian999,5,"Terrifying and suspenseful, classic King horror."
9780307743657,julia111,4,"Scary, but I loved the setting."
9780756404741,karen222,5,"Beautifully written, magical world."
9780756404741,luke333,4,"Great story and character development."
9780451528018,mary444,4,"Classic Holmes mystery, clever and fun."
9780451528018,nathan555,5,"Excellent detective story, highly recommend."
9780060850524,olivia666,5,"Fascinating vision of a controlled society."
9780060850524,peter777,4,"Satirical and thought-provoking."
9781501139154,quincy888,5,"Thoroughly enjoyed Lincoln's leadership insights."
9781501139154,rachel999,4,"History presented in a compelling way."
9780553418026,sam111,5,"Fun and scientifically accurate survival story."
9780553418026,tina222,4,"Engaging and suspenseful."
9780307474278,uma333,4,"Fast-paced and gripping thriller."
9780307474278,vin444,3,"Good mystery but predictable twists."
9780385490818,will555,5,"Chilling and thought-provoking dystopia."
9780385490818,xena666,4,"Compelling story with strong protagonist."
9780765344326,yara777,5,"Innovative magic system, loved it!"
9780765344326,zack888,4,"Great fantasy world and characters."
9780143127796,amy999,5,"Classic horror done right, gripping story."
9780143127796,brian111,4,"Interesting, dark and gothic."
9780735219106,chloe222,5,"Beautiful setting and intriguing mystery."
9780735219106,dan333,4,"Well-written and emotional."
9780061120084,eric444,5,"Timeless story, important themes."
9780061120084,fiona555,4,"Classic, still resonates."
9780385732551,george666,5,"Futuristic and political intrigue, excellent."
9780385732551,hannah777,4,"Complex but rewarding story."
9780316015844,ian111,5,"Engaging and romantic."
9780316015844,julia222,4,"Loved the fantasy world and characters."
9780307949486,karen333,5,"Laugh-out-loud humorous memoir."
9780307949486,luke444,4,"Very funny and entertaining."
9780345391803,mary555,5,"Epic quest with unforgettable characters."
9780345391803,nathan666,4,"Loved the adventure and world-building."
9780316556345,oliver777,5,"Powerful story with emotional depth."
9780316556345,pamela888,4,"Great writing and character development."
9780316499835,quinn999,5,"Funny, romantic, and clever."
9780316499835,rachel111,4,"Loved the dynamic between the leads."
9780062677114,sam222,5,"Suspenseful and thrilling YA mystery."
9780062677114,tina333,4,"Kept me guessing the whole way."
9780743477103,uma444,5,"Satirical and entertaining story."
9780743477103,vin555,4,"Clever and funny narrative."
9781401308302,will666,5,"Heart-stopping and gripping."
9781401308302,xena777,4,"Intense and dramatic story."
9780441013597,yara888,5,"Smart and visionary sci-fi classic."
9780441013597,zack999,4,"Great premise and storytelling."
9780399589300,amy111,5,"Beautiful retelling of myths."
9780399589300,brian222,4,"Engaging and educational."
9780735222380,chloe333,5,"Eerie and atmospheric mystery."
9780735222380,dan444,4,"Good suspense and plot twists."
9780345806611,eric555,5,"Exciting and immersive dystopian adventure."
9780345806611,fiona666,4,"Great pacing and world-building."
9780062456481,george777,5,"Insightful memoir, eye-opening read."
9780062456481,hannah888,4,"Interesting perspective on social issues."
9780446611417,ian999,5,"Political thriller with excellent pacing."
9780446611417,julia111,4,"Engaging and suspenseful story."
9780062457716,karen222,5,"Important story, very well told."
9780062457716,luke333,4,"Powerful and moving narrative."
9780525620803,mary444,5,"Romantic, fun, and engaging."
9780525620803,nathan555,4,"Loved the characters and humor."
9780307455826,oliver777,5,"Post-apocalyptic tale with strong characters."
9780307455826,pamela888,4,"Emotional and gripping story."
9780545258623,quinn999,5,"Intense arena scenes, well written."
9780545258623,rachel111,4,"Great continuation of series."
9780545425124,sam222,5,"Thrilling and action-packed conclusion."
9780545425124,tina333,4,"Exciting, though slightly predictable."
9780316160193,uma444,5,"Emotional and romantic YA story."
9780316160193,vin555,4,"Well-written and moving story."
9780316016841,will666,5,"Intriguing mystery across the series."
9780316016841,xena777,4,"Good suspense and plot."
9780316067928,yara888,5,"Exciting and intense conclusion to series."
9780316067928,zack999,4,"Thrilling and satisfying ending."
9780590353427,amy111,5,"Classic magical story for all ages."
9780590353427,brian222,4,"Great introduction to wizarding world."
9780439064866,chloe333,5,"Engaging story, well-paced."
9780439064866,dan444,4,"Loved the magical elements."
9780439136365,eric555,5,"Fun adventure and strong characters."
9780439136365,fiona666,4,"Enjoyable and exciting story."
9780439139595,george777,5,"Intricate plot and engaging."
9780439139595,hannah888,4,"Great pacing and suspense."
9780439358071,ian999,5,"Wonderful continuation of the series."
9780439358071,julia111,4,"Well-written and immersive."
9780439784542,karen222,5,"Insightful and gripping story."
9780439784542,luke333,4,"Engaging and emotional."
9780545010221,mary444,5,"Epic finale, very satisfying."
9780545010221,nathan555,4,"Loved the resolution and tension."
9780441172959,oliver777,5,"Intriguing political sci-fi."
9780441172959,pamela888,4,"Interesting and thought-provoking."
9780441107296,quinn999,5,"Complex and engaging story."
9780441107296,rachel111,4,"Fascinating political intrigue."
9780345339713,sam222,5,"Exciting middle of epic series."
9780345339713,tina333,4,"Well-paced and enjoyable."
9780345339737,uma444,5,"Epic conclusion, dramatic and fun."
9780345339737,vin555,4,"Satisfying end to the trilogy."
9780553293361,will666,5,"Smart and engaging sci-fi."
9780553293361,xena777,4,"Interesting continuation of the saga."
9780553293354,yara888,5,"Engaging story and strong characters."
9780553293354,zack999,4,"Interesting and clever plot twists."
9780307269784,amy111,5,"Gripping mystery with complex plot."
9780307269784,brian222,4,"Thrilling and suspenseful."
9780307269890,chloe333,5,"Excellent continuation of suspense."
9780307269890,dan444,4,"Well-written and intense."
9780525646872,eric555,5,"Exciting sequel with new challenges."
9780525646872,fiona666,4,"Interesting story, kept me engaged."